"#","Risk area","Domain","Check","What to look at","Red flag","Severity if it fails","Status (Pass / Fail / N/A)","Evidence / notes","Est. engineer-days to fix"
"1","Security exposure","Application security","No critical security vulnerabilities","Run static analysis and review auth, payment and data-export paths for exploitable flaws.","Any critical finding on an internet-facing endpoint with no fix date.","Critical","","",""
"2","Security exposure","Application security","No high-severity security vulnerabilities","Count high-severity findings and check whether the same class repeats across endpoints.","The same vulnerability pattern in many places, which points to a process gap, not one bug.","High","","",""
"3","Security exposure","Application security","No code or command injection","Search for eval/exec, shell commands built from user input and template injection.","User input reaching a shell, eval() or a template engine without validation.","High","","",""
"4","Security exposure","Application security","No SQL injection risks","Look for queries built with string formatting instead of parameters or an ORM.","f-strings or string concatenation inside SQL, especially in DELETE/UPDATE.","High","","",""
"5","Security exposure","Application security","No unsafe deserialization","Check pickle, unsafe YAML loading and similar on data that crosses a trust boundary.","pickle.loads or yaml.load on request bodies, files or queue messages.","High","","",""
"6","Security exposure","Application security","Authentication and access control hold up","Review session handling, role checks and tenant isolation on multi-tenant data.","Endpoints that change data without an auth check, or IDs that let one customer read another's records.","High","","",""
"7","Security exposure","Application security","Static security rules pass","Run a rule-based scanner (e.g. Semgrep) against the codebase and triage the results.","Hundreds of open scanner findings nobody has looked at.","Medium","","",""
"8","Security exposure","Secrets & credentials","No hardcoded secrets in the repository","Scan the code and the full git history for keys, tokens and passwords.","Live credentials in the repo; past staff and contractors still have them.","Critical","","",""
"9","Security exposure","Secrets & credentials","No private keys committed","Look for service-account JSON, TLS and signing keys in the tree.","A *.json or *.pem key file in source control.","Critical","","",""
"10","Security exposure","Secrets & credentials","No cloud or payment provider tokens","Check specifically for AWS, Stripe, GitHub and Slack tokens.","A live Stripe or AWS key: direct access to money or infrastructure.","Critical","","",""
"11","Security exposure","Secrets & credentials","No credentials assigned in code","Look for passwords and API keys set as string literals or defaults.","os.getenv('KEY', 'real-secret-value') style fallbacks.","High","","",""
"12","Security exposure","Configuration & environment","No environment files committed","Check for .env, .env.prod and similar files in the repository.",".env files with production database URLs or keys in git.","High","","",""
"13","Security exposure","Configuration & environment","Debug and auto-reload disabled in production","Confirm debug flags and dev servers are off in production config.","Stack traces or debug pages reachable on the live site.","Medium","","",""
"14","Security exposure","Configuration & environment","Database connection configured safely","Review ORM/engine settings: SQL echo, SSL, pool limits.","SQL logging of real customer data, or unencrypted connections.","Medium","","",""
"15","Dependency & license risk","Dependency vulnerabilities","No critical vulnerable dependencies","Run npm audit / pip-audit (or an SBOM scan) against the lockfiles.","Critical advisories in packages that are directly reachable from the internet.","Critical","","",""
"16","Dependency & license risk","Dependency vulnerabilities","No high-severity vulnerable dependencies","List high advisories by package and whether a patched version exists.","Many high advisories with available fixes that were never applied.","High","","",""
"17","Dependency & license risk","Dependency vulnerabilities","Moderate advisories under control","Count moderate advisories and the age of the oldest unpatched one.","A long backlog of old advisories: dependencies aren't being maintained.","Medium","","",""
"18","Dependency & license risk","License compliance","No strong-copyleft dependencies","Find GPL/AGPL packages in a proprietary product, including transitive ones.","AGPL code in a SaaS product: may oblige publishing your own source.","High","","",""
"19","Dependency & license risk","License compliance","No weak-copyleft dependencies without review","Flag LGPL/MPL packages and how they are linked or modified.","Modified LGPL/MPL code shipped without meeting its obligations.","Medium","","",""
"20","Dependency & license risk","License compliance","Every dependency license identified","List packages with missing or non-standard licenses.","Unknown licenses on core packages: unpriced legal risk.","Low","","",""
"21","Technical debt","Code correctness","The code compiles and type-checks","Build the project and run the type checker from a clean checkout.","The main branch doesn't build, or type errors are suppressed wholesale.","High","","",""
"22","Technical debt","Code correctness","No lint errors","Run the project's linters with its own config.","Linting disabled in CI, or thousands of errors left in place.","Medium","","",""
"23","Technical debt","Code correctness","No high-severity logic defects","Review money, permissions and data-integrity code paths for wrong results.","Billing, refund or quota logic with unhandled edge cases.","High","","",""
"24","Technical debt","Complexity & maintainability","No extremely complex functions","Measure cyclomatic complexity; list functions above 20.","Core business logic in a handful of 500-line functions.","Medium","","",""
"25","Technical debt","Complexity & maintainability","Under 10% of functions above complexity 10","Check what share of functions are moderately complex.","Complexity spread everywhere: every change is slow and risky.","Low","","",""
"26","Technical debt","Complexity & maintainability","No high-severity maintainability issues","Look for global state, hidden coupling and copy-pasted rules.","Global mutable state shared across requests.","Medium","","",""
"27","Technical debt","Duplication & dead code","Little duplicated code","Detect duplicated blocks across the repository.","The same business rule implemented differently in several places.","Low","","",""
"28","Technical debt","Duplication & dead code","Little unreferenced code","Find files nothing imports and that aren't entry points.","Large amounts of dead code that inflate the codebase you are paying for.","Low","","",""
"29","Architecture & scalability","Architecture consistency","Consistent architecture across the codebase","Check that layering, data access and error handling follow one pattern.","Three different ways to call the database, each with its own bugs.","Medium","","",""
"30","Architecture & scalability","Architecture consistency","Few cross-cutting inconsistencies","List competing conventions (config, logging, auth checks).","Every service or module invented its own conventions.","Low","","",""
"31","Architecture & scalability","Modularity & coupling","No circular imports","Build the import graph and look for cycles.","Modules that can't be changed or extracted independently.","Medium","","",""
"32","Architecture & scalability","Modularity & coupling","No module depends on everything","Find modules that import many internal modules.","A 'utils' or 'core' module every change has to touch.","Low","","",""
"33","Architecture & scalability","Modularity & coupling","No high-severity design flaws","Review service boundaries, schema design and single points of failure.","A design that needs a rewrite to reach the projected scale.","Medium","","",""
"34","Architecture & scalability","Performance","No high-severity performance problems","Look for N+1 queries, blocking I/O in async code and unbounded queries.","Costs or latency that grow faster than usage.","Medium","","",""
"35","Engineering practices","Test coverage","At least one test file per five source files","Compare test files to source files, and look at what the tests cover.","Almost no tests around payments, auth or data integrity.","High","","",""
"36","Engineering practices","Test coverage","Coverage is measured","Check for coverage tooling and reports.","Nobody knows which parts of the product are unprotected.","Low","","",""
"37","Engineering practices","Test coverage","Every major area has tests","List top-level modules with no tests at all.","Whole services or apps with zero tests.","Medium","","",""
"38","Engineering practices","CI & delivery","CI runs the tests on every change","Check the pipeline runs tests and blocks merges on failure.","CI exists but doesn't run tests, or failures are ignored.","Medium","","",""
"39","Team & knowledge","Knowledge concentration","No one wrote half or more of the code","Look at the commit share per contributor over the repo's history.","One engineer authored most of the commits: a bus factor of one.","High","","",""
"40","Team & knowledge","Knowledge concentration","At least three significant contributors","Count contributors with 10% or more of commits.","Only one or two people understand the core systems.","Medium","","",""
"41","Team & knowledge","Development continuity","Recent commits","Check when the codebase was last changed.","No commits for months: nobody may be left who can maintain it.","Medium","","",""
"42","Team & knowledge","Development continuity","The main author is still active","Check the top contributor's most recent commit.","The person who wrote most of the code has stopped committing.","High","","",""
"43","Team & knowledge","Development continuity","Two or more people actively committing","Count contributors active in the last 90 days.","A single active maintainer for every post-close fix.","Medium","","",""
