company,country,city,website,open_role,public_email,contact_page_or_source
Astrik,Pakistan,Karachi,https://www.astrik.com,Full-Stack Software Developer,info@astrik.com,https://www.astrik.com/Careers
Multi Biz Solutions,Pakistan,Karachi,https://multibizsolutions.com,Full-Stack Web Developer,contact@multibizsolutions.com,https://multibizsolutions.com/careers
Arrak Consulting,Pakistan,Karachi,https://arrakconsulting.com,Full-Stack Developer,info@arrakconsulting.com,https://arrakconsulting.com/careers/
LogicRacks,Pakistan,Karachi,https://logicracks.com,Full Stack Developer (Laravel + React),careers@logicracks.com,https://logicracks.com/careers.html
ICT Systems Pakistan,Pakistan,Karachi,https://www.ictsystems.com.pk,Website Developer,hr@ictsystems.com.pk,https://www.ictsystems.com.pk/careers
ICT Systems Pakistan,Pakistan,Karachi,https://www.ictsystems.com.pk,Website Developer,career@ictsystems.com.pk,https://www.ictsystems.com.pk/careers
Aymeetech,Pakistan,Karachi,https://aymeetech.com,Full Stack Developer,info@aymeetech.com,https://aymeetech.com/careers/
KDys Lab,Pakistan,Karachi,https://kdyslab.com,Senior Full-Stack Engineer,info@kdyslab.com,https://kdyslab.com/careers
SaaSify Labs,Pakistan,Karachi,Unknown,Full Stack Developer (Backend-Focused),hr@saasifylabs.com,https://www.linkedin.com/posts/saasify-lab_saasify-labs-is-hiring-full-stack-developer-activity-7304963463364145152-aEmY
IrenicTech,Pakistan,Karachi,Unknown,Junior Full Stack Developer,careers@irenictech.com,https://www.linkedin.com/posts/asma-manzar-33560b23_irenictech-karachijobs-applynow-activity-7169987898811883520-5SJA
Aktivacity,Pakistan,Karachi,Unknown,Full Stack Developer (Laravel / WordPress / PHP),jobs@aktivacity.com,https://www.linkedin.com/posts/aktivacity_were-hiring-full-stack-developer-location-activity-7397636331142623232-6mtH
NextGENi,Pakistan,Karachi,Unknown,Full Stack MERN Developer,,https://pk.indeed.com/viewjob?jk=da631b5474eef4ad
Suvora Tech,Pakistan,Karachi,https://www.suvora.tech,Frontend Developer,teams@suvora.tech,https://www.suvora.tech/careers
Brainwave Technologies,Pakistan,Karachi,https://bwtech.co,Full Stack Developer,info@bwtech.co,https://bwtech.co/careers/
Orio,Pakistan,Karachi,https://getorio.com,Full Stack Developer,info@getorio.com,https://getorio.com/careers
EdgeFirm,Pakistan,Karachi,https://www.edgefirm.io,Full Stack Engineer,hello@edgefirm.io,https://www.edgefirm.io/careers
IMM Corporate,Pakistan,Karachi,https://immcorporate.com,Full Stack Developer,info@immcorporate.com,https://immcorporate.com/careers
eMaymar,Pakistan,Karachi,https://emaymar.com,Career Openings,info@emaymar.com,https://emaymar.com/careers/
AKS iQ,Pakistan,Karachi,https://aksiq.com,Full-Stack Engineer (Python/React),hr@aksiq.com,https://aksiq.com/careers.html
Taraki (Karachi Jobs),Pakistan,Karachi,https://jobs.taraki.co,Karachi job listings,support@taraki.co,https://jobs.taraki.co/job-locations/karachi-job-opportunities
IMM Corporate,Pakistan,Karachi,https://immcorporate.com,Full Stack Developer,info@immcorporate.com,https://immcorporate.com/careers
IMM Corporate,Pakistan,Karachi,https://immcorporate.com,React Native App Developer,info@immcorporate.com,https://immcorporate.com/careers
Codener,Pakistan,Karachi,https://codener.com,Full Stack Developer,hello@codener.com,https://codener.com/careers/full-stack-developer/
Aventle Private Limited,Pakistan,Karachi,https://aventle.com,Software / Web App Developer,info@aventle.com,https://aventle.com/careers-in-aventle-private-limited/
BE Energy Pakistan,Pakistan,Karachi,https://www.beenergy.com.pk,Full Stack Developer,hrd@beenergy.co,https://www.beenergy.com.pk/careers.php
Brainwave Technologies,Pakistan,Karachi,https://bwtech.co,Full Stack Developer,info@bwtech.co,https://bwtech.co/careers/
Destro Technologies,Pakistan,Karachi,https://destrotechnologies.com,Web Developer,careers@destrotechnologies.com,https://destrotechnologies.com/careers/
CodePak Innovation,Pakistan,Karachi,https://codepak.com.pk,Full Stack Developer,info@codepak.com.pk,https://codepak.com.pk/careers/
Aymeetech,Pakistan,Karachi,https://aymeetech.com,Full Stack Developer,info@aymeetech.com,https://aymeetech.com/careers/
KDys Lab,Pakistan,Karachi,https://kdyslab.com,Senior Full-Stack Engineer,info@kdyslab.com,https://kdyslab.com/careers
