company,country,website,open_role,public_email,contact_page_or_source
Eprecisio Technologies,Pakistan,https://www.eprecisio.com,Senior MERN Full-Stack Engineer,careers@eprecisio.com,https://www.eprecisio.com/careers
Pakistan IT Solutions (PITS),Pakistan,https://pits.pk,Full-Stack Laravel Developer,[email protected],https://pits.pk/careers/
Softwares.com.pk,Pakistan,https://softwares.com.pk,Full Stack Web Developer,hr@softwares.com.pk,https://pk.linkedin.com/jobs/view/%F0%9F%9A%80-we%E2%80%99re-hiring-full-stack-web-developer-softwares-com-pk-at-softwares-com-pk-website-development-company-in-pakistan-4350078686
Elexoft Technologies,Pakistan,https://www.elexoft.com,Full Stack / Software Jobs,info@elexoft.com,https://www.elexoft.com/contact
Elexoft Technologies,Pakistan,https://www.elexoft.com,HR / Careers,hr@elexoft.com,https://www.elexoft.com/contact
TekSol Inc.,Pakistan,https://www.teksolinc.co,Software Engineer / Full Stack,careers@teksol.co,https://www.teksolinc.co/careers
TekSol Inc.,Pakistan,https://www.teksolinc.co,General Hiring,info@teksol.co,https://www.teksolinc.co/careers
BitStack,Pakistan,https://thebitstack.com,Full-Stack Development,contact@thebitstack.com,https://thebitstack.com/
CodeForge,Pakistan,https://www.codeforge.pk,Software Engineer / Full Stack,sudohat@outlook.com,https://www.codeforge.pk/software-house-near-me
Software House Pakistan,Pakistan,https://www.softwarehousepakistan.com,Career Application,[email protected],https://www.softwarehousepakistan.com/about/career/
Bytes Software House,Pakistan,https://bytes-software-house.example,MERN / Laravel / Python Developer,careers.bytessoftwaresolutions@gmail.com,https://pk.linkedin.com/company/bytes-software-house
Tayyab / Taylance Tech,Pakistan,https://thisistayyab.dev,Full Stack / SaaS / API Development,tayyab@taylancetech.com,https://thisistayyab.dev/contact
Astrik,Pakistan,https://www.astrik.com,Full-Stack Software Developer,careers@rateastric.com,https://www.astrik.com/Careers
ESdesire,Pakistan,https://www.services.esdesire.com,Full Stack Developer,info@esdesire.com,https://www.services.esdesire.com/careers
Simcoe IT,Pakistan,https://simcoeit.com,Senior Web Developer,careers@simcoeit.com,https://simcoeit.com/careers
BearPlex,Pakistan,https://www.bearplex.com,MERN Stack Developer,info@bearplex.com,https://www.bearplex.com/careers/mern-stack-developer
Corvit Networks,Pakistan,https://corvit.com,Full Stack Developer,[email protected],https://corvit.com/networks/careers/full-stack-developer/
Mergestack,Pakistan,https://www.mergestack.com,MERN Stack Developer,info@mergestack.com,https://www.mergestack.com/career
QuirkyBit,Pakistan,https://www.quirkybit.io,Full Stack Developer,info@quirkybit.io,https://www.quirkybit.io/careers
WANological Solutions,Pakistan,https://wanologicalsolutions.com,Senior MERN Stack Developer,business@wanologicalsolution.com,https://wanologicalsolutions.com/careers
NETSOL Technologies,Pakistan,https://careers.netsoltech.com,Full Stack Engineer (React & Python),,https://careers.netsoltech.com/openings/full-stack-engineer/
Astrik,Pakistan,https://www.astrik.com,Full-Stack Software Developer,info@astrik.com,https://www.astrik.com/Careers
Astrik,Pakistan,https://www.astrik.com,General Careers,careers@rateastric.com,https://www.astrik.com/Careers
ESdesire,Pakistan,https://www.services.esdesire.com,Full Stack Developer,info@esdesire.com,https://www.services.esdesire.com/careers
Simcoe IT,Pakistan,https://simcoeit.com,Senior Web Developer,careers@simcoeit.com,https://simcoeit.com/careers
BearPlex,Pakistan,https://www.bearplex.com,MERN Stack Developer,,
Corvit Networks,Pakistan,https://corvit.com,Full Stack Developer,,https://corvit.com/networks/careers/full-stack-developer/
Mergestack,Pakistan,https://www.mergestack.com,MERN Stack Developer,info@mergestack.com,https://www.mergestack.com/career
Mergestack,Pakistan,https://www.mergestack.com,General Contact,info@mergestack.com,https://www.mergestack.com/contact
QuirkyBit,Pakistan,https://www.quirkybit.io,Full Stack Developer,hello@quirkybit.io,https://www.quirkybit.io/careers
WANological Solutions,Pakistan,https://wanologicalsolutions.com,Senior MERN Stack Developer,business@wanologicalsolution.com,https://wanologicalsolutions.com/careers
Creative Chaos,Pakistan,https://creativechaos.com,Senior Software Engineer (Node+React),,https://kibo.careers/jobs/ja1ejvrlv60k2q4o4su53y78
Smart Working,Pakistan,https://smartworking.io,Senior Full Stack / Applied AI Engineer,,https://kibo.careers/companies/smart-working
The Children's Place,Pakistan,Unknown,Software Developer,,https://designjobs.careers/job/170949
Orio,Pakistan,https://getorio.com,Full Stack Developer,info@getorio.com,https://getorio.com/careers
SaaSify Labs,Pakistan,Unknown,Full Stack Developer (Backend-Focused),hr@saasifylabs.com,https://www.linkedin.com/posts/saasify-lab_saasify-labs-is-hiring-full-stack-developer-activity-7304963463364145152-aEmY
ILMversity,Pakistan,Unknown,Associate Software Engineer (MERN Stack),hr@ilmversity.net,https://www.linkedin.com/posts/aneeqatallat_were-hiring-fresh-graduates-activity-7342816715275153409-3PIw
Brackets,Pakistan,Unknown,Principal Software Engineer (MERN),careers@bracketsltd.com,https://www.linkedin.com/posts/bracketsltd_bracketshiring-hiringnow-techjobs-activity-7411677673728532480-xfVL
IrenicTech,Pakistan,Unknown,Junior Full Stack Developer,careers@irenictech.com,https://www.linkedin.com/posts/asma-manzar-33560b23_irenictech-karachijobs-applynow-activity-7169987898811883520-5SJA
Hanker,Pakistan,Unknown,MERN Stack Developer,hr@hankerglobal.com,https://www.linkedin.com/posts/hanker-technologies_were-hiring-mern-stack-developer-at-hanker-activity-7434904187978534912-Rsh4
Xcatalyst,Pakistan,Unknown,Jr. MERN Stack Developer,careers@xcatalyst.io,https://pk.linkedin.com/jobs/view/jr-mern-stack-developer-at-xcatalyst-4217434132
LogicRacks,Pakistan,https://logicracks.com,Full Stack Developer (Laravel + React),careers@logicracks.com,https://logicracks.com/careers.html
Aktivacity,Pakistan,Unknown,Full Stack Developer (Laravel / WordPress / PHP),jobs@aktivacity.com,https://www.linkedin.com/posts/aktivacity_were-hiring-full-stack-developer-location-activity-7397636331142623232-6mtH
Nexterse LLC,Pakistan,https://nexterse.com,Full-Stack Developer,hr@nexterse.com,https://nexterse.com/careers
